class,green_area
row,55
col,130
wavelength_nm,value
400.0,7.42e-06
401.32,1.361e-05
402.64,1.027e-05
403.96,1.5779999999999998e-05
405.27,1.558e-05
406.59,7.64e-06
407.91,8.64e-06
409.23,2.056e-05
410.55,1.487e-05
411.87,1.563e-05
413.19,9.59e-06
414.51,8.81e-06
415.82,1.2790000000000001e-05
417.14,2.0189999999999998e-05
418.46,2.934e-05
419.78,1.2139999999999999e-05
421.1,8.75e-06
422.42,7.46e-06
423.74,2.026e-05
425.05,2.7239999999999997e-05
426.37,1.197e-05
427.69,9.72e-06
429.01,6.57e-06
430.33,9.829999999999999e-06
431.65,1.825e-05
432.97,1.595e-05
434.29,1.143e-05
435.6,1.4069999999999999e-05
436.92,9.859999999999999e-06
438.24,1.7100000000000002e-05
439.56,1.152e-05
440.88,7.090000000000001e-06
442.2,1.2740000000000002e-05
443.52,1.243e-05
444.84,1.517e-05
446.15,1.565e-05
447.47,7.889999999999999e-06
448.79,7.240000000000001e-06
450.11,1.475e-05
451.43,1.24e-05
452.75,2.9360000000000003e-05
454.07,9.289999999999999e-06
455.38,7.58e-06
456.7,4.63e-06
458.02,2.3860000000000002e-05
459.34,2.7289999999999998e-05
460.66,1.167e-05
461.98,1.2479999999999999e-05
463.3,4.27e-06
464.62,2.8120000000000002e-05
465.93,2.0549999999999998e-05
467.25,1.133e-05
468.57,1.152e-05
469.89,6.49e-06
471.21,1.2659999999999999e-05
472.53,1.613e-05
473.85,1.696e-05
475.16,5.83e-06
476.48,1.269e-05
477.8,1.066e-05
479.12,1.681e-05
480.44,1.175e-05
481.76,1.009e-05
483.08,9.13e-06
484.4,1.711e-05
485.71,1.4099999999999999e-05
487.03,1.2920000000000002e-05
488.35,8.580000000000001e-06
489.67,1.115e-05
490.99,1.4829999999999999e-05
492.31,1.994e-05
493.63,2.993e-05
494.95,1.012e-05
496.26,1.042e-05
497.58,7.01e-06
498.9,2.259e-05
500.22,2.6989999999999997e-05
501.54,1.037e-05
502.86,7.620000000000001e-06
504.18,6.39e-06
505.49,1.11e-05
506.81,1.859e-05
508.13,1.303e-05
509.45,9.94e-06
510.77,1.255e-05
512.09,1.12e-05
513.41,1.5720000000000002e-05
514.73,1.285e-05
516.04,7.57e-06
517.36,1.263e-05
518.68,9.990000000000001e-06
520.0,1.464e-05
521.32,1.545e-05
522.64,7.0300000000000005e-06
523.96,9.98e-06
525.27,1.897e-05
526.59,1.334e-05
527.91,2.834e-05
529.23,1.1210000000000001e-05
530.55,9.5e-06
531.87,6.6799999999999996e-06
533.19,2.1479999999999998e-05
534.51,2.774e-05
535.82,1.1930000000000001e-05
537.14,1.579e-05
538.46,4.31e-06
539.78,2.7660000000000003e-05
541.1,1.902e-05
542.42,1.461e-05
543.74,1.128e-05
545.05,7.2e-06
546.37,1.095e-05
547.69,1.5609999999999998e-05
549.01,1.5759999999999998e-05
550.33,9.52e-06
551.65,1.2280000000000001e-05
552.97,1.135e-05
554.29,1.489e-05
555.6,1.381e-05
556.92,9.420000000000001e-06
558.24,9.22e-06
559.56,1.5240000000000001e-05
560.88,1.579e-05
562.2,1.371e-05
563.52,1.229e-05
564.84,1.16e-05
566.15,1.337e-05
567.47,1.8990000000000003e-05
568.79,3.086e-05
570.11,1.396e-05
571.43,9.31e-06
572.75,7.61e-06
574.07,2.5659999999999998e-05
575.38,2.71e-05
576.7,1.0539999999999999e-05
578.02,1.098e-05
579.34,7.21e-06
580.66,1.4979999999999999e-05
581.98,1.799e-05
583.3,1.496e-05
584.62,9.110000000000001e-06
585.93,1.2460000000000001e-05
587.25,8.63e-06
588.57,1.734e-05
589.89,1.497e-05
591.21,7.96e-06
592.53,7.83e-06
593.85,1.0359999999999999e-05
595.16,1.2620000000000001e-05
596.48,8.09e-06
597.8,1.025e-05
599.12,8.14e-06
600.44,7.620000000000001e-06
601.76,1.3180000000000001e-05
603.08,2.5019999999999998e-05
604.4,1.2590000000000001e-05
605.71,9.15e-06
607.03,8e-06
608.35,1.932e-05
609.67,2.5779999999999997e-05
610.99,7.499999999999999e-06
612.31,1.4480000000000002e-05
613.63,7.430000000000001e-06
614.95,9.53e-06
616.26,2.146e-05
617.58,1.431e-05
618.9,6.64e-06
620.22,4.12e-06
621.54,1.299e-05
622.86,1.004e-05
624.18,1.732e-05
625.49,7.32e-06
626.81,5.77e-06
628.13,8.44e-06
629.45,1.4180000000000001e-05
630.77,1.4050000000000001e-05
632.09,5.2600000000000005e-06
633.41,1.141e-05
634.73,1.7979999999999997e-05
636.04,1.088e-05
637.36,7.78e-06
638.68,1.334e-05
640.0,9.760000000000001e-06
641.32,3.95e-06
642.64,1.859e-05
643.96,2.9599999999999998e-05
645.27,7.059999999999999e-06
646.59,6.8e-06
647.91,4.43e-06
649.23,8.69e-06
650.55,2.5240000000000002e-05
651.87,9.93e-06
653.19,5.84e-06
654.51,5.65e-06
655.82,1.073e-05
657.14,1.803e-05
658.46,1.4999999999999999e-05
659.78,6.1499999999999996e-06
661.1,1.073e-05
662.42,1.008e-05
663.74,9.74e-06
665.05,1.242e-05
666.37,8.86e-06
667.69,7.84e-06
669.01,1.2339999999999999e-05
670.33,1.4180000000000001e-05
671.65,9.420000000000001e-06
672.97,9.35e-06
674.29,7.51e-06
675.6,5.510000000000001e-06
676.92,1.062e-05
678.24,2.899e-05
679.56,1.134e-05
680.88,7.97e-06
682.2,9.7e-06
683.52,1.999e-05
684.84,2.954e-05
686.15,7.3099999999999995e-06
687.47,9.17e-06
688.79,3.6400000000000003e-06
690.11,9.22e-06
691.43,1.686e-05
692.75,1.346e-05
694.07,8.15e-06
695.38,7.85e-06
696.7,7.95e-06
698.02,8.85e-06
699.34,2.073e-05
700.66,7.75e-06
701.98,4.84e-06
703.3,8.26e-06
704.62,1.4729999999999998e-05
705.93,2.01e-05
707.25,6.529999999999999e-06
708.57,1.057e-05
709.89,1.765e-05
711.21,1.4050000000000001e-05
712.53,9.950000000000001e-06
713.85,1.764e-05
715.16,7.52e-06
716.48,6.93e-06
717.8,1.917e-05
719.12,3.0449999999999998e-05
720.44,6.6799999999999996e-06
721.76,7.94e-06
723.08,3.05e-06
724.4,1.0209999999999999e-05
725.71,2.651e-05
727.03,1.117e-05
728.35,7.340000000000001e-06
729.67,5.4e-06
730.99,1.042e-05
732.31,2.114e-05
733.63,1.416e-05
734.95,3.68e-06
736.26,1.586e-05
737.58,1.095e-05
738.9,1.124e-05
740.22,1.983e-05
741.54,6.76e-06
742.86,9.44e-06
744.18,1.2489999999999999e-05
745.49,1.44e-05
746.81,8.599999999999999e-06
748.13,7.13e-06
749.45,1.147e-05
750.77,6.840000000000001e-06
752.09,1.051e-05
753.41,2.8689999999999998e-05
754.73,1.908e-05
756.04,8.35e-06
757.36,5.69e-06
758.68,1.815e-05
760.0,2.8820000000000002e-05
761.32,5.22e-06
762.64,1.98e-05
763.96,4.02e-06
765.27,1.223e-05
766.59,1.779e-05
767.91,1.326e-05
769.23,6.35e-06
770.55,6.1499999999999996e-06
771.87,1.01e-05
773.19,9.64e-06
774.51,1.556e-05
775.82,5.95e-06
777.14,4.45e-06
778.46,1.081e-05
779.78,1.367e-05
781.1,1.9489999999999998e-05
782.42,8.25e-06
783.74,7.99e-06
785.05,1.81e-05
786.37,1.585e-05
787.69,1.16e-05
789.01,1.927e-05
790.33,8.740000000000001e-06
791.65,4.02e-06
792.97,1.772e-05
794.29,3.2069999999999996e-05
795.6,5.899999999999999e-06
796.92,5.77e-06
798.24,6.95e-06
799.56,1.4089999999999999e-05
800.88,2.868e-05
802.2,1.323e-05
803.52,7.77e-06
804.84,4.62e-06
806.15,1.178e-05
807.47,1.914e-05
808.79,1.3719999999999999e-05
810.11,3.51e-06
811.43,1.4619999999999999e-05
812.75,9.85e-06
814.07,1.029e-05
815.38,1.895e-05
816.7,1.0330000000000001e-05
818.02,6.660000000000001e-06
819.34,9.96e-06
820.66,1.673e-05
821.98,9.139999999999999e-06
823.3,9.26e-06
824.62,1.0019999999999999e-05
825.93,7.33e-06
827.25,1.21e-05
828.57,2.9870000000000004e-05
829.89,1.591e-05
831.21,7.3800000000000005e-06
832.53,7.94e-06
833.85,1.817e-05
835.16,2.7089999999999996e-05
836.48,6.2300000000000005e-06
837.8,1.9370000000000003e-05
839.12,7.98e-06
840.44,8.98e-06
841.76,1.91e-05
843.08,1.239e-05
844.4,7.45e-06
845.71,8.86e-06
847.03,1.2770000000000001e-05
848.35,1.131e-05
849.67,1.698e-05
850.99,9.69e-06
852.31,1.326e-05
853.63,1.027e-05
854.95,1.8540000000000002e-05
856.26,1.965e-05
857.58,7.97e-06
858.9,9.03e-06
860.22,1.767e-05
861.54,1.3500000000000001e-05
862.86,2.1079999999999998e-05
864.18,2.0419999999999998e-05
865.49,1.009e-05
866.81,1.499e-05
868.13,2.0039999999999998e-05
869.45,2.734e-05
870.77,2.012e-05
872.09,7.249999999999999e-06
873.41,6.2399999999999995e-06
874.73,2.1040000000000002e-05
876.04,2.438e-05
877.36,1.088e-05
878.68,2.118e-05
880.0,4.01e-06
881.32,9.110000000000001e-06
882.64,2.011e-05
883.96,1.326e-05
885.27,2.035e-05
886.59,1.551e-05
887.91,8.920000000000001e-06
889.23,1.97e-05
890.55,1.632e-05
891.87,8.13e-06
893.19,2.24e-05
894.51,1.0520000000000001e-05
895.82,1.4180000000000001e-05
897.14,1.9750000000000002e-05
898.46,7.26e-06
899.78,1.0209999999999999e-05
901.1,1.765e-05
902.42,1.08e-05
903.74,3.0220000000000002e-05
905.05,2.023e-05
906.37,8.81e-06
907.69,7.620000000000001e-06
909.01,2.154e-05
910.33,2.9599999999999998e-05
911.65,2.205e-05
912.97,1.908e-05
914.29,4.41e-06
915.6,1.9869999999999998e-05
916.92,1.728e-05
918.24,1.477e-05
919.56,2.16e-05
920.88,4.16e-06
922.2,1.1550000000000001e-05
923.52,1.983e-05
924.84,1.759e-05
926.15,7.620000000000001e-06
927.47,1.267e-05
928.79,1.221e-05
930.11,1.5120000000000001e-05
931.43,2.0150000000000002e-05
932.75,6.519999999999999e-06
934.07,9.2e-06
935.38,1.785e-05
936.7,1.322e-05
938.02,2.1720000000000002e-05
939.34,1.713e-05
940.66,6.89e-06
941.98,1.5060000000000001e-05
943.3,2.211e-05
944.62,3.04e-05
945.93,2e-05
947.25,1.0009999999999999e-05
948.57,8.37e-06
949.89,1.7860000000000002e-05
951.21,2.605e-05
952.53,1.293e-05
953.85,1.941e-05
955.16,5.77e-06
956.48,7.95e-06
957.8,1.926e-05
959.12,1.4210000000000001e-05
960.44,2.12e-05
961.76,1.53e-05
963.08,9.3e-06
964.4,2.071e-05
965.71,1.832e-05
967.03,8.11e-06
968.35,2.0300000000000002e-05
969.67,8.67e-06
970.99,1.348e-05
972.31,1.861e-05
973.63,8.010000000000001e-06
974.95,1.018e-05
976.26,1.7449999999999997e-05
977.58,1.197e-05
978.9,2.7900000000000004e-05
980.22,2.094e-05
981.54,7.2999999999999996e-06
982.86,7.81e-06
984.18,2.017e-05
985.49,2.892e-05
986.81,1.846e-05
988.13,1.955e-05
989.45,7.22e-06
990.77,1.8049999999999998e-05
992.09,2.0019999999999998e-05
993.41,1.781e-05
994.73,1.9450000000000002e-05
996.04,8.32e-06
997.36,1.167e-05
998.68,2.234e-05
1000.0,1.845e-05
